{
	"partitions" : [
		{
			"name" : "Top",
			"pins" : [
				{
					"name" : "SevenSegMSB[0]",
					"strict" : false
				},
				{
					"name" : "SevenSegMSB[1]",
					"strict" : false
				},
				{
					"name" : "SevenSegMSB[2]",
					"strict" : false
				},
				{
					"name" : "SevenSegMSB[3]",
					"strict" : false
				},
				{
					"name" : "SevenSegMSB[4]",
					"strict" : false
				},
				{
					"name" : "SevenSegMSB[5]",
					"strict" : false
				},
				{
					"name" : "SevenSegMSB[6]",
					"strict" : false
				},
				{
					"name" : "SevenSegLSB[0]",
					"strict" : false
				},
				{
					"name" : "SevenSegLSB[1]",
					"strict" : false
				},
				{
					"name" : "SevenSegLSB[2]",
					"strict" : false
				},
				{
					"name" : "SevenSegLSB[3]",
					"strict" : false
				},
				{
					"name" : "SevenSegLSB[4]",
					"strict" : false
				},
				{
					"name" : "SevenSegLSB[5]",
					"strict" : false
				},
				{
					"name" : "SevenSegLSB[6]",
					"strict" : false
				},
				{
					"name" : "Sel1",
					"strict" : false
				},
				{
					"name" : "Set",
					"strict" : false
				},
				{
					"name" : "Sel2",
					"strict" : false
				},
				{
					"name" : "roll_n",
					"strict" : false
				},
				{
					"name" : "CLK_50MHz",
					"strict" : false
				}
			]
		}
	]
}